bac,chr,bp,rsID,ref.allele,eff.allele,beta,SE,Z.weightedSumZ,P.weightedSumZ,N,Ncohorts
genus..Clostridiuminnocuumgroup.id.14397,5,71186626,rs6890185,C,T,0.113423667539842,0.0233137293961593,4.86885902139854,1.12244446061374e-06,4166,20
genus..Clostridiuminnocuumgroup.id.14397,9,107194171,rs11792329,A,G,0.146366345513257,0.0334893798420668,4.3414701683661,1.41532497206411e-05,3858,18
genus..Clostridiuminnocuumgroup.id.14397,5,71186172,rs6884406,G,A,0.112235918658772,0.0233123860354733,4.81891638658846,1.44340024590828e-06,4166,20
genus..Clostridiuminnocuumgroup.id.14397,18,6344587,rs57676887,T,C,0.146730565445984,0.0320739997906038,4.53220650373996,5.83707451622915e-06,4166,20
genus..Clostridiuminnocuumgroup.id.14397,18,6343719,rs72864816,G,T,0.150019588281946,0.0329299579706863,4.5277556996297,5.96134440287855e-06,4164,20
genus..Clostridiuminnocuumgroup.id.14397,18,6343212,rs75448022,G,A,0.148917491678885,0.0330405999163467,4.4769115543139,7.57306044462605e-06,4164,20
genus..Clostridiuminnocuumgroup.id.14397,18,6348227,rs61267978,C,T,0.147079529621292,0.0320875016385457,4.54151556975668,5.5851260300407e-06,4165,20
genus..Clostridiuminnocuumgroup.id.14397,18,6354297,rs11661723,A,T,0.147084567726626,0.0327640406088612,4.49760481570324,6.87232831120042e-06,4161,20
genus..Clostridiuminnocuumgroup.id.14397,18,6343636,rs57004694,T,C,0.144264614881221,0.032084136912385,4.45841190444208,8.25691188064023e-06,4166,20
